{"assets/descarga.png":["assets/descarga.png"],"assets/flota1.png":["assets/flota1.png"],"assets/flota2.png":["assets/flota2.png"],"assets/ic_launcher%20-%20copia.png":["assets/ic_launcher%20-%20copia.png"],"assets/ic_launcher.png":["assets/ic_launcher.png","assets/ic_launcher/res/mipmap-hdpi/ic_launcher.png","assets/ic_launcher/res/mipmap-mdpi/ic_launcher.png","assets/ic_launcher/res/mipmap-xhdpi/ic_launcher.png","assets/ic_launcher/res/mipmap-xxhdpi/ic_launcher.png","assets/ic_launcher/res/mipmap-xxxhdpi/ic_launcher.png"],"assets/ic_launcher.zip":["assets/ic_launcher.zip"],"assets/loading.gif":["assets/loading.gif"],"assets/logo.png":["assets/logo.png"],"assets/logo2.png":["assets/logo2.png"],"assets/logob.png":["assets/logob.png"],"assets/noimage.png":["assets/noimage.png"],"assets/nouser.png":["assets/nouser.png"],"assets/novedad.png":["assets/novedad.png"],"assets/seg1.png":["assets/seg1.png"],"assets/seg2.png":["assets/seg2.png"],"assets/splash.png":["assets/splash.png"],"packages/cupertino_icons/assets/CupertinoIcons.ttf":["packages/cupertino_icons/assets/CupertinoIcons.ttf"]}